id,name,email
1,Kalina,kleguin0@wunderground.com
2,Shanda,stomney1@skyrock.com
3,Nichol,nveillard2@parallels.com
4,Reid,rcoulter3@engadget.com
5,Gert,grollings4@csmonitor.com
6,Amil,ajaneway5@chicagotribune.com
7,Stacy,sgabbot6@ow.ly
8,Fernandina,fkassman7@nytimes.com
9,Berti,bcaunter8@infoseek.co.jp
10,Philipa,poglesbee9@sohu.com
11,Lilla,lkelwicka@amazon.co.jp
12,Reade,rfeldbaumb@europa.eu
13,Daisey,dcondictc@home.pl
14,Beth,bcubbitd@indiegogo.com
15,Zea,zcoughane@shop-pro.jp
16,Isiahi,ioleninf@icq.com
17,Jedidiah,jaubertg@vimeo.com
18,Ancell,acrownshawh@twitpic.com
19,Sydney,sfausti@zdnet.com
20,Malvina,mkingshottj@ihg.com
21,Genni,gsmithsonk@smugmug.com
22,Fredericka,fheddenl@nih.gov
23,Cassondra,cdamsellm@yellowpages.com
24,Alphard,asoigouxn@qq.com
25,Colleen,cblakeneyo@t-online.de
26,Em,edurstonp@ezinearticles.com
27,Peggi,pcovottiq@opensource.org
28,Donnie,dparhamr@creativecommons.org
29,Mill,mlarkingss@qq.com
30,Barbette,bscinellit@simplemachines.org
31,Bryn,bibanezu@paypal.com
32,Adriano,aedmettv@webs.com
33,Ermentrude,eachesonw@mlb.com
34,Keely,kcondictx@vistaprint.com
35,Britni,bbowley@mtv.com
36,Susanna,smidlarz@gravatar.com
37,Diandra,dennals10@europa.eu
38,Ellette,epickrell11@salon.com
39,Town,tnewtown12@homestead.com
40,Kessia,kritmeier13@hp.com
41,Anabel,apenticost14@vkontakte.ru
42,Dulsea,dmessingham15@google.co.jp
43,Bartholomew,bpartener16@netvibes.com
44,Skell,shaberjam17@dropbox.com
45,Bat,bpratten18@guardian.co.uk
46,Donnie,duff19@earthlink.net
47,Dom,dfriskey1a@weather.com
48,Barbara,bharker1b@vistaprint.com
49,Salomi,santos1c@domainmarket.com
50,Brandon,bgoode1d@tmall.com
51,Christye,clongrigg1e@weebly.com
52,Merwin,mmuffin1f@github.com
53,Anatollo,awoodus1g@mapy.cz
54,Ebenezer,egilfoyle1h@mozilla.org
55,Gabi,gcorben1i@va.gov
56,Pavel,pbellenie1j@pen.io
57,Had,hpeatheyjohns1k@dailymail.co.uk
58,Selia,showroyd1l@cdc.gov
59,Amberly,achampken1m@arstechnica.com
60,Suzi,sdeakin1n@patch.com
61,Kacy,kdomney1o@live.com
62,Polly,pbosson1p@goodreads.com
63,Becki,bdary1q@si.edu
64,Francyne,fespinho1r@seesaa.net
65,Tremain,tkuhlmey1s@about.com
66,Boyd,beliasson1t@fotki.com
67,Kelsi,koneill1u@hud.gov
68,Gweneth,gnuzzi1v@imgur.com
69,Gabi,gsparrowe1w@cnbc.com
70,Andie,acluely1x@oaic.gov.au
71,Jere,jlilion1y@surveymonkey.com
72,Ferrel,ffrankis1z@aboutads.info
73,Justin,jmcilvaney20@yellowbook.com
74,Milka,mrangeley21@washingtonpost.com
75,Brewster,bkick22@marriott.com
76,Fielding,fepsley23@cbslocal.com
77,Maisey,mrastrick24@npr.org
78,Loralie,lalman25@purevolume.com
79,Parker,pvile26@census.gov
80,Gabriellia,gdemelt27@blogger.com
81,Craggy,cplumley28@hubpages.com
82,Jerrylee,jrace29@time.com
83,Monro,mkupke2a@nydailynews.com
84,Kim,kkensett2b@earthlink.net
85,Tony,tcauldfield2c@reference.com
86,Claire,cmessager2d@about.me
87,Caty,cferentz2e@hibu.com
88,Chandler,cpretswell2f@yale.edu
89,Roberto,rkinchlea2g@oakley.com
90,Noland,ndownham2h@berkeley.edu
91,Elsie,esydney2i@indiatimes.com
92,Jareb,jmallion2j@wisc.edu
93,Dierdre,dklos2k@ucoz.com
94,Mortimer,msicely2l@rediff.com
95,Markus,mleitch2m@feedburner.com
96,Teresita,twickett2n@netlog.com
97,Dacie,dforsdicke2o@pcworld.com
98,Moina,mdefries2p@nytimes.com
99,Ewen,eanney2q@webeden.co.uk
100,Bink,bdarker2r@usnews.com
101,Marinna,mcutforth2s@skype.com
102,Russell,rdarlow2t@timesonline.co.uk
103,Raffaello,rkillby2u@irs.gov
104,Melisenda,mallnatt2v@twitter.com
105,Sigismond,soverlow2w@epa.gov
106,Lynna,ldady2x@goo.ne.jp
107,Anatola,apeabody2y@ning.com
108,Nathalie,nmackison2z@nhs.uk
109,Fidela,fenglish30@multiply.com
110,Rudd,rmanz31@ftc.gov
111,Nance,ndrepp32@hexun.com
112,Nanny,ngreenhead33@toplist.cz
113,Anton,acritchell34@omniture.com
114,Hyacinthie,hellens35@cocolog-nifty.com
115,Jessy,jsolomonides36@360.cn
116,Konstanze,kdinnington37@altervista.org
117,Phylis,ptitmarsh38@comsenz.com
118,Ximenez,xricardon39@shutterfly.com
119,Alexis,acrush3a@illinois.edu
120,Pincas,pdjakovic3b@smugmug.com
121,Claudelle,ctremouille3c@parallels.com
122,Dudley,dhynes3d@uol.com.br
123,Constantina,ccutchie3e@desdev.cn
124,Fredra,fkruse3f@diigo.com
125,Amii,asteventon3g@angelfire.com
126,Terri,tmcindrew3h@irs.gov
127,Kippie,kglede3i@ameblo.jp
128,Erna,ecreer3j@github.com
129,Allayne,amilsted3k@amazonaws.com
130,Bianca,bcapstack3l@redcross.org
131,Mina,mglennie3m@xing.com
132,Kaela,khanford3n@fotki.com
133,Cecilla,ckelso3o@amazonaws.com
134,Shirline,siacovone3p@rakuten.co.jp
135,Stirling,sfennessy3q@auda.org.au
136,Adda,amcgaughie3r@admin.ch
137,Katya,kvickors3s@nih.gov
138,Jacqui,jskippings3t@home.pl
139,Pollyanna,pflecknoe3u@feedburner.com
140,Umeko,ubenson3v@deliciousdays.com
141,Phillis,pkittless3w@vinaora.com
142,Myriam,msaintsbury3x@zdnet.com
143,Grier,gborrow3y@flavors.me
144,Preston,pblakey3z@jimdo.com
145,Elfreda,eomeara40@npr.org
146,Dagny,dgorges41@scribd.com
147,Odessa,ocruise42@tripod.com
148,Darnall,dchristauffour43@themeforest.net
149,Darrelle,dkyttor44@wufoo.com
150,Ashlee,akeith45@jimdo.com
151,Shayna,sbilbery46@pcworld.com
152,Audry,adanilyuk47@nhs.uk
153,Ingmar,ihinnerk48@fema.gov
154,Waite,wbuckland49@blogger.com
155,Alejoa,acurneen4a@themeforest.net
156,Ariella,asibbert4b@princeton.edu
157,Livy,lgolagley4c@discovery.com
158,Carlee,cmanis4d@bizjournals.com
159,Nobie,ndracey4e@fema.gov
160,Emory,ekeirle4f@miibeian.gov.cn
161,Goldina,glangelaan4g@webmd.com
162,Diane-marie,doscallan4h@twitter.com
163,Aguistin,amillthorpe4i@istockphoto.com
164,Tamarra,tmaffiotti4j@privacy.gov.au
165,Ami,aalmond4k@mayoclinic.com
166,Darius,ddukesbury4l@sun.com
167,Germaine,gsabbatier4m@livejournal.com
168,Ninette,nodgers4n@cdc.gov
169,Leslie,lnoirel4o@archive.org
170,Marcelline,mtabourin4p@omniture.com
171,Ramsey,rlenthall4q@fema.gov
172,Enrique,epache4r@networkadvertising.org
173,Esmeralda,ecolson4s@nsw.gov.au
174,Min,mbrittles4t@theatlantic.com
175,Pattin,pcowdery4u@meetup.com
176,Tyson,thuxham4v@clickbank.net
177,Niles,ntargett4w@privacy.gov.au
178,Zacherie,zswepstone4x@creativecommons.org
179,Brynne,bblankley4y@engadget.com
180,Ashely,aattarge4z@printfriendly.com
181,Kent,klarraway50@so-net.ne.jp
182,Ileana,ikoppe51@tmall.com
183,Hamish,hshurey52@cbc.ca
184,Wyatt,wbengochea53@nature.com
185,Brooke,brichings54@youtu.be
186,Bibby,bdisman55@huffingtonpost.com
187,Henrik,hrowen56@irs.gov
188,Sig,sfrancesco57@4shared.com
189,Vanya,vaulsford58@tumblr.com
190,Olympia,osamart59@furl.net
191,Colline,cwernher5a@hud.gov
192,Freddy,fgillbard5b@usnews.com
193,Dita,dbradder5c@shutterfly.com
194,Jessika,jstuer5d@blogger.com
195,Arley,ajakoubek5e@is.gd
196,Bone,bvanderveldt5f@ucsd.edu
197,Perkin,pdeesly5g@uiuc.edu
198,Jacintha,jpocknoll5h@edublogs.org
199,Avivah,acarthew5i@wufoo.com
200,Wainwright,widdy5j@howstuffworks.com
201,Venus,vrichly5k@edublogs.org
202,Darin,drelph5l@sfgate.com
203,Stace,sox5m@shutterfly.com
204,Berkie,bsoppeth5n@wordpress.org
205,Ced,cwillstrop5o@auda.org.au
206,Antony,amalster5p@prlog.org
207,Rad,rolden5q@elpais.com
208,Antony,arignall5r@telegraph.co.uk
209,Balduin,bfragino5s@cloudflare.com
210,Debra,dbaroc5t@vk.com
211,Austin,aseyers5u@senate.gov
212,Meredith,mdavidof5v@yale.edu
213,Augustine,afilippello5w@free.fr
214,Maddi,mnormabell5x@alibaba.com
215,Correy,cteers5y@about.com
216,Clareta,cgilmour5z@hp.com
217,Robbyn,rspaingower60@discuz.net
218,Farra,fchampion61@wordpress.org
219,Hector,hcammack62@businessweek.com
220,Adelind,amelliard63@vistaprint.com
221,Lula,ldunhill64@disqus.com
222,Conn,cdormer65@bizjournals.com
223,Aurore,ahince66@blog.com
224,Kevyn,kbrelsford67@opera.com
225,Charo,cmcateer68@wufoo.com
226,Glenine,gmcmeyler69@ow.ly
227,Yehudi,ybriggs6a@si.edu
228,Betta,bboswell6b@un.org
229,Alisha,awinspeare6c@irs.gov
230,Sheelah,squimby6d@hubpages.com
231,Brena,bpaulo6e@merriam-webster.com
232,Dawna,dtidbold6f@theatlantic.com
233,Carmencita,ccregin6g@friendfeed.com
234,Sidney,snaisey6h@sphinn.com
235,Idette,ichamberlain6i@spiegel.de
236,Gordy,glaye6j@123-reg.co.uk
237,Maison,mfomichyov6k@vimeo.com
238,Louisette,lcaddy6l@cam.ac.uk
239,Paco,pduffett6m@xinhuanet.com
240,Marlane,mlownes6n@yolasite.com
241,Eugen,emarran6o@wufoo.com
242,Tillie,twalburn6p@va.gov
243,Evie,etarbatt6q@prweb.com
244,Brendon,bwrack6r@nps.gov
245,Gerrie,gbeldum6s@simplemachines.org
246,Ciel,cechalier6t@nydailynews.com
247,Tobiah,tmallabone6u@home.pl
248,Keslie,kscamerden6v@google.it
249,Agna,agusticke6w@amazon.co.jp
250,Mandel,mmacknight6x@usda.gov
251,Robbie,rchrispin6y@gizmodo.com
252,Mariska,mmenghi6z@yahoo.com
253,Woodrow,wpettyfar70@oracle.com
254,Uriel,ufellon71@netscape.com
255,Maurise,mwildblood72@printfriendly.com
256,Raf,rvezey73@omniture.com
257,Hamilton,hallibone74@wufoo.com
258,Minna,mspilling75@liveinternet.ru
259,Karolina,kbelcher76@odnoklassniki.ru
260,Anny,aettridge77@house.gov
261,Murdoch,mvaskin78@gizmodo.com
262,Carlina,cpinel79@nationalgeographic.com
263,Susette,sscotts7a@jimdo.com
264,Mella,mperritt7b@nhs.uk
265,Juieta,jwindebank7c@smh.com.au
266,Mina,mjoselin7d@altervista.org
267,Chane,cashurst7e@digg.com
268,Myra,modoogan7f@canalblog.com
269,Crosby,csheldrake7g@mapy.cz
270,Cob,callmen7h@archive.org
271,Lanae,lary7i@ox.ac.uk
272,Hersch,hbeningfield7j@ocn.ne.jp
273,Jim,jgronw7k@canalblog.com
274,Markos,mfinney7l@plala.or.jp
275,Pieter,pgiriardelli7m@huffingtonpost.com
276,Petronia,pwallach7n@cam.ac.uk
277,Carolann,cmacintosh7o@wikispaces.com
278,Fred,fbool7p@cocolog-nifty.com
279,Mannie,msanton7q@tripadvisor.com
280,Jenilee,jcoatsworth7r@businessweek.com
281,Amelita,adurban7s@fotki.com
282,Kippie,kemblen7t@hp.com
283,Bertie,bedmonstone7u@naver.com
284,Maxwell,mrickeard7v@bizjournals.com
285,Arline,asonger7w@tuttocitta.it
286,Jessie,jsieur7x@tmall.com
287,Stella,sruusa7y@yale.edu
288,Gennifer,gdolley7z@deviantart.com
289,Anya,abunn80@flavors.me
290,Noak,nbubear81@digg.com
291,Melli,memmison82@macromedia.com
292,Kaitlyn,kjennery83@ucsd.edu
293,Stefanie,swinspar84@mozilla.com
294,Jean,jjarlmann85@mashable.com
295,Rhetta,rgiggie86@t-online.de
296,Michelle,mgiacopello87@drupal.org
297,Gina,ggoldwater88@army.mil
298,Darb,dhuglin89@123-reg.co.uk
299,Amil,aledbetter8a@nature.com
300,Alistair,akrolle8b@dell.com
301,Tamra,tarnholz8c@skyrock.com
302,Neil,nbossom8d@youku.com
303,Marshal,mcords8e@unicef.org
304,Gabriel,gdevonside8f@bandcamp.com
305,Bernhard,bvenditti8g@miitbeian.gov.cn
306,Ottilie,ohartup8h@mlb.com
307,Killy,ksked8i@wiley.com
308,Constancia,csweetmore8j@ucoz.com
309,Tailor,ttrenchard8k@bravesites.com
310,Malanie,mtidbold8l@ca.gov
311,Coretta,cocleary8m@apple.com
312,Isaak,iatack8n@photobucket.com
313,Borg,bchicchetto8o@macromedia.com
314,Garner,gspinas8p@google.it
315,Patin,pdefty8q@merriam-webster.com
316,Nara,npendrid8r@wired.com
317,Izabel,imoohan8s@blogger.com
318,Claribel,csouttar8t@theatlantic.com
319,Wynn,wclaasen8u@phpbb.com
320,Milly,mrippin8v@addtoany.com
321,Olly,omaseres8w@youtu.be
322,Zach,zjammes8x@bandcamp.com
323,Blaine,bsellman8y@washington.edu
324,Merci,mloade8z@google.com.br
325,Petrina,plinforth90@senate.gov
326,Chantal,ctellenbrok91@nba.com
327,Marylinda,mcrassweller92@storify.com
328,Gaspard,grembaud93@intel.com
329,Clemmy,ckittman94@squidoo.com
330,Conan,cbrelsford95@ezinearticles.com
331,Miran,mwaryk96@prlog.org
332,Jessika,jhanvey97@godaddy.com
333,Sherlocke,spinn98@google.es
334,Persis,ptissier99@nydailynews.com
335,Philippe,ptorrejon9a@geocities.com
336,Delphine,dstledger9b@fc2.com
337,Catlee,ccalterone9c@1und1.de
338,Marisa,mrogan9d@google.co.jp
339,Kent,kperrett9e@mac.com
340,Siobhan,scatlin9f@paginegialle.it
341,Alwin,asandwick9g@squidoo.com
342,Lexy,lodea9h@imageshack.us
343,Lambert,lborghese9i@friendfeed.com
344,Glenn,grobelow9j@booking.com
345,Catlee,cfiney9k@indiatimes.com
346,Abeu,aborrie9l@barnesandnoble.com
347,Ermengarde,eandraud9m@dyndns.org
348,Joby,jgrievson9n@topsy.com
349,Keelby,kedelston9o@1und1.de
350,Katusha,ktewelson9p@imageshack.us
351,Ripley,rfratson9q@apple.com
352,Dino,djosebury9r@prweb.com
353,Ivie,iholgan9s@mozilla.com
354,Duffy,dtoffanini9t@biglobe.ne.jp
355,Nicolina,njeans9u@dell.com
356,Rozanne,rperrelle9v@exblog.jp
357,Cynthea,cbeetles9w@g.co
358,Selia,sslight9x@gnu.org
359,Tome,tconsadine9y@gizmodo.com
360,Stacee,sdaughtery9z@dailymail.co.uk
361,Kippie,khonnicotta0@jalbum.net
362,Rose,rwheildona1@csmonitor.com
363,Levin,lkeninghama2@si.edu
364,Anallise,aburtwhistlea3@jimdo.com
365,Etti,ebuddocka4@rambler.ru
366,Chev,couterbridgea5@ning.com
367,Josefina,josgarbya6@comsenz.com
368,Cordie,cladlowa7@utexas.edu
369,Ann,aelliota8@t-online.de
370,Charmian,cgordona9@joomla.org
371,Alberto,arumbleaa@google.com
372,Roobbie,rcorneliusab@newyorker.com
373,Woodie,wmumac@etsy.com
374,Donny,dopdenorthad@sphinn.com
375,Marjorie,mofalloneae@home.pl
376,Myrilla,mtimlinaf@wiley.com
377,Annalee,afroschag@cam.ac.uk
378,Nerte,nmacnallyah@nationalgeographic.com
379,Mayne,mtregidgaai@canalblog.com
380,Ellie,ecullityaj@istockphoto.com
381,Dalila,dmcgruarak@hubpages.com
382,Red,ryanezal@mediafire.com
383,Tomasine,tabrahamsam@studiopress.com
384,Percival,pfennellyan@biblegateway.com
385,Tatum,tblindtao@e-recht24.de
386,Eddy,efurmagierap@simplemachines.org
387,Dusty,dbooiaq@yahoo.com
388,Dennie,dgwilliamsar@posterous.com
389,Jewelle,jdarwenas@opera.com
390,Elsinore,emacneilageat@icio.us
391,Agace,apietruszewiczau@ox.ac.uk
392,Floris,fellicombeav@behance.net
393,Junette,jgrimblebyaw@issuu.com
394,Miguelita,mharmax@blogtalkradio.com
395,Anselma,aulyetay@amazon.de
396,Kailey,kwimburyaz@gov.uk
397,Barde,breckhouseb0@ycombinator.com
398,Donetta,dmcmeylerb1@ted.com
399,Tilda,thasseklb2@hhs.gov
400,Hedi,hbarenskyb3@cbc.ca
401,Marje,mmanicombb4@va.gov
402,Berti,bringwoodb5@nature.com
403,Dino,dsitlintonb6@123-reg.co.uk
404,Kimberli,koniansb7@prweb.com
405,Vanessa,vstensonb8@oracle.com
406,Saleem,sgershomb9@wunderground.com
407,Correy,cpaxefordba@imdb.com
408,Andriana,amccolebb@posterous.com
409,Vittorio,vaskeybc@weebly.com
410,Marne,mnutleybd@harvard.edu
411,Mel,mleelebe@admin.ch
412,Charmain,cheinlbf@indiatimes.com
413,Zandra,zwhyleybg@wix.com
414,Arnoldo,abangleybh@tumblr.com
415,Parrnell,pedmonstonebi@fastcompany.com
416,Tandie,tgariffbj@home.pl
417,Noelani,ndavitashvilibk@wikia.com
418,Marielle,mduligallbl@discuz.net
419,Orazio,ocubittbm@blogspot.com
420,Ebba,eaughtonbn@fda.gov
421,Sybil,soflahertybo@nba.com
422,Blanca,bbudgenbp@shareasale.com
423,Lilllie,llowndsbq@disqus.com
424,Deloris,dmeasbr@walmart.com
425,Izzy,irichmontbs@bizjournals.com
426,Babs,bchorltonbt@networksolutions.com
427,Merla,merringtonbu@wsj.com
428,Barty,byukhnevichbv@admin.ch
429,Waylen,wcauncebw@123-reg.co.uk
430,Claudie,cslyfordbx@ycombinator.com
431,Janina,jmohanby@1und1.de
432,Viviene,vtravissbz@unblog.fr
433,Wyndham,wguestec0@spotify.com
434,Sasha,swhitesonc1@deliciousdays.com
435,Evelyn,edoughillc2@newsvine.com
436,Louella,lgovernc3@examiner.com
437,Abagael,awoolvinc4@hexun.com
438,Mannie,mohegertiec5@seattletimes.com
439,Micah,mthynnc6@nba.com
440,Davy,dcoghlanc7@technorati.com
441,Waneta,wcordesc8@chicagotribune.com
442,Desmund,dyakovlc9@amazonaws.com
443,Ethelin,ebransgroveca@deliciousdays.com
444,Belinda,brichtcb@com.com
445,Brietta,bcridlincc@bigcartel.com
446,Mac,mcomellinicd@nhs.uk
447,Karlik,kpindellce@harvard.edu
448,Boris,blesorcf@umich.edu
449,Dom,daronstamcg@vk.com
450,Vivyan,vclemettsch@histats.com
451,Mychal,mledurci@chronoengine.com
452,Veradis,vbittertoncj@livejournal.com
453,Raine,rcordellck@nsw.gov.au
454,Bernita,bsertincl@wired.com
455,Darsie,drichelcm@ihg.com
456,Tyson,tshailercn@eventbrite.com
457,Far,fclemersonco@sitemeter.com
458,Sterne,sfishbycp@xrea.com
459,Adoree,aanshellcq@adobe.com
460,Korrie,kgrosecr@squidoo.com
461,Muffin,mmcgrawcs@netlog.com
462,Neron,npealct@cnet.com
463,Frances,fwinsparecu@mayoclinic.com
464,Cirilo,cempletoncv@utexas.edu
465,Anthiathia,aascoughcw@ask.com
466,Valentia,vspearettcx@yellowpages.com
467,Rowe,rdoerffercy@live.com
468,Franciskus,fkirragecz@barnesandnoble.com
469,Bancroft,bfilyakovd0@cloudflare.com
470,Keri,kdoudd1@wired.com
471,Petra,pzavatterod2@uiuc.edu
472,Nanice,nmacritchied3@barnesandnoble.com
473,Brady,baleksicd4@twitter.com
474,Pauly,pworsnupd5@furl.net
475,Erhard,epetrollid6@stumbleupon.com
476,Sidoney,sfidiand7@vistaprint.com
477,Anestassia,azipselld8@blinklist.com
478,Yoshiko,ywittsd9@xing.com
479,Demetre,dmasedonda@npr.org
480,Killy,kbraghinidb@netscape.com
481,Romy,rwatkinsondc@irs.gov
482,Nilson,nbolgardd@accuweather.com
483,Chris,cparadycede@google.it
484,Hansiain,hgurrdf@themeforest.net
485,Ketti,klabuschagnedg@unesco.org
486,Deborah,dmatushenkodh@boston.com
487,Terry,tdunckleydi@weebly.com
488,Fanechka,fkarlemandj@shinystat.com
489,Gerty,gpauncefootdk@mozilla.org
490,Porty,pdebiaggidl@samsung.com
491,Lenka,lbulcockdm@usda.gov
492,Arabel,aspringdn@cargocollective.com
493,Bernadette,bgarmonsdo@digg.com
494,Leslie,lradbonedp@columbia.edu
495,Fiona,fvickardq@delicious.com
496,Virgil,vmenichinodr@zimbio.com
497,Eward,enoiceds@people.com.cn
498,Tremaine,tcalderondt@guardian.co.uk
499,Bondy,bclemontdu@gnu.org
500,Daisy,dsporesdv@cnn.com
501,Carma,cknyvettdw@scientificamerican.com
502,Chery,covilldx@oracle.com
503,Ursulina,uhortopdy@reference.com
504,Jackquelin,jfilimoredz@sohu.com
505,Mavis,mantuke0@admin.ch
506,Kristal,kchezellee1@indiatimes.com
507,Minda,msandyse2@wikimedia.org
508,Rosanne,roakere3@gov.uk
509,Georgia,gborlande4@yolasite.com
510,Kassie,kbabidgee5@yellowpages.com
511,Carina,cfolinie6@clickbank.net
512,Gavrielle,gtomaneke7@is.gd
513,Sallyanne,sstooderse8@netlog.com
514,Rania,rlegrande9@squarespace.com
515,Noelyn,nfriselea@livejournal.com
516,Nixie,ntiptafteb@wix.com
517,Baron,blattkaec@tamu.edu
518,Debbie,djoplinged@yelp.com
519,Alysa,acrocumbeee@list-manage.com
520,Rey,riliffeef@geocities.jp
521,Alane,astancereg@jiathis.com
522,Tristan,tgeaveseh@purevolume.com
523,Sondra,spowderhamei@kickstarter.com
524,Montgomery,mwetterej@skype.com
525,Sergent,ssawdyek@ovh.net
526,Ichabod,ieaglestoneel@theguardian.com
527,Maire,mnultyem@answers.com
528,Ashley,avasyukhnoven@cnet.com
529,Janek,jblondeleo@usnews.com
530,Archy,afloresep@auda.org.au
531,Taryn,tsygroveeq@nba.com
532,Judie,jturpiner@senate.gov
533,Terri,tpattlees@webmd.com
534,Nessy,nelsopet@upenn.edu
535,Case,cgardeneu@google.ca
536,Ashly,amurtonev@fotki.com
537,Korry,kbousfieldew@hibu.com
538,Falito,fcocozzaex@mlb.com
539,Tome,tweeklandey@sakura.ne.jp
540,Fianna,fwoodingsez@cbc.ca
541,Daron,dlevicountf0@addtoany.com
542,Ricki,rdiggf1@blogger.com
543,Nellie,ngrewesf2@typepad.com
544,Huntlee,hgosfordf3@go.com
545,Bethena,bstickelf4@godaddy.com
546,Guinna,gcastellonef5@google.nl
547,Joyce,jdaughtryf6@blogs.com
548,Reynold,rscaddingf7@slideshare.net
549,Cornelle,cwooldridgef8@exblog.jp
550,Aggi,agoldupf9@netscape.com
551,Bartholemy,brandellfa@google.es
552,Brandea,bmarquetfb@nbcnews.com
553,Leroi,lmarchandfc@google.ca
554,Marlo,mpauwelfd@friendfeed.com
555,Rafaelia,rspearefe@cisco.com
556,Karita,kobrianff@webeden.co.uk
557,Wait,wcaudlefg@wordpress.com
558,Robbie,rspaduccifh@edublogs.org
559,Harbert,hgoudefi@wsj.com
560,Joline,jvedenichevfj@example.com
561,Marianna,mspofforthfk@sourceforge.net
562,Fulvia,fbeaumontfl@youtube.com
563,Stevena,stizzardfm@oaic.gov.au
564,Mendy,mbatripfn@npr.org
565,Mitchell,mlatimerfo@ed.gov
566,Aviva,arodellfp@diigo.com
567,Kelsey,kcrabbefq@huffingtonpost.com
568,Ailey,amcanefr@hud.gov
569,Minor,mmcgunleyfs@mysql.com
570,Tyler,tyaxleyft@businesswire.com
571,Elianora,evallackfu@usgs.gov
572,Brigitte,bjarayfv@hao123.com
573,Jeanna,jalekseevfw@cornell.edu
574,Mozes,mrosingdallfx@tmall.com
575,Leroy,lbibbfy@comcast.net
576,Rey,ryouthedfz@globo.com
577,Loria,lmcauleyg0@blogspot.com
578,Loydie,lferandezg1@blogs.com
579,Dallis,dbulgerg2@time.com
580,Brunhilda,brisingg3@google.com.au
581,Wally,wriveg4@miitbeian.gov.cn
582,Christean,cgrossmang5@engadget.com
583,Leupold,lheelisg6@infoseek.co.jp
584,Norby,nfairhamg7@discuz.net
585,Cash,ccristofvaog8@wunderground.com
586,Raf,reagersg9@hostgator.com
587,Coletta,clilywhitega@army.mil
588,Elene,ejeffreysgb@topsy.com
589,Johnath,jhamblinggc@chicagotribune.com
590,Elnore,elaileygd@friendfeed.com
591,Ashlan,aspinagege@auda.org.au
592,May,mlanawaygf@bbb.org
593,Fayette,fbraunsgg@examiner.com
594,Kerri,klambersengh@clickbank.net
595,Madelaine,mlindborggi@parallels.com
596,Carey,cemmanueligj@google.pl
597,Rosy,rvasyutingk@t.co
598,Gabbi,gcrewgl@dailymotion.com
599,Tildi,tcaudreygm@soup.io
600,Gaynor,groubeixgn@prnewswire.com
601,Sharai,singerithgo@mac.com
602,Courtnay,cbanksgp@imdb.com
603,John,jkillcrossgq@upenn.edu
604,Nani,nosipovgr@nhs.uk
605,Adolphe,acrannagegs@issuu.com
606,Kalindi,kshewgt@istockphoto.com
607,Jacquenette,jyarmouthgu@house.gov
608,Margaretta,mchatteygv@instagram.com
609,Lind,lrheadgw@discovery.com
610,Sasha,sdashkovgx@webeden.co.uk
611,Thorvald,tsotherongy@studiopress.com
612,Ronna,rhawtreygz@yellowpages.com
613,Lars,lrulerh0@weebly.com
614,Lauralee,lkindellh1@xinhuanet.com
615,Danie,ddisbrowh2@bloglines.com
616,Deeyn,daddish3@pcworld.com
617,Teodoor,tlabeuilh4@amazon.com
618,Filide,fdykinsh5@gmpg.org
619,Domenic,dmahedyh6@dyndns.org
620,Loretta,lskilbeckh7@va.gov
621,Godiva,gritchardh8@bloomberg.com
622,Haskel,hdurkinh9@ucoz.ru
623,Berta,bwinsparha@cbslocal.com
624,Aylmar,aunwinshb@umn.edu
625,Wandis,wsperskihc@bandcamp.com
626,Leeland,lpridmorehd@nhs.uk
627,Franny,fdaughtryhe@naver.com
628,Jorry,jpointinghf@odnoklassniki.ru
629,Geoffry,gwudelandhg@gov.uk
630,Bliss,bsumershh@51.la
631,Reina,rsevitthi@oaic.gov.au
632,Tandi,teixenbergerhj@reddit.com
633,Lazare,lvanveldenhk@mapquest.com
634,Rab,rfeyerhl@devhub.com
635,Esme,eberettahm@gov.uk
636,Enrica,epenhallhn@epa.gov
637,Judon,jprenticeho@xinhuanet.com
638,Myranda,mduckerinhp@newsvine.com
639,Rivkah,rbeardsdalehq@blog.com
640,Vivian,vbaishhr@nbcnews.com
641,Danny,dmessierhs@eventbrite.com
642,Marilee,mcutchieht@ovh.net
643,Suzy,skenealyhu@addthis.com
644,Marybelle,mebbleshv@skype.com
645,Ivie,idomsallahw@opensource.org
646,Tyrus,tcaudrelierhx@cdbaby.com
647,Noam,ndoyhy@unc.edu
648,Sibyl,smityakovhz@tinypic.com
649,Ulick,uhoverti0@i2i.jp
650,Mellisa,mgatelandi1@prnewswire.com
651,John,jlokeri2@bbb.org
652,Stanislaw,spennycocki3@toplist.cz
653,Brent,bhathwoodi4@altervista.org
654,Viola,vhrinchishini5@fotki.com
655,Noami,nhindenbergeri6@amazon.co.uk
656,Vi,vveaseyi7@ask.com
657,Woodie,wbaynomi8@netscape.com
658,Reade,rladei9@nyu.edu
659,Jorey,jburchfieldia@tinypic.com
660,Ossie,ogowlandib@icio.us
661,Janella,jrodieic@alibaba.com
662,Sheffy,sborleaseid@sun.com
663,Aigneis,afeatonbyie@cnet.com
664,Nikola,nmacfaydenif@acquirethisname.com
665,Marlane,mcheccuzziig@usgs.gov
666,Dorolice,dlaurencotih@yellowpages.com
667,Christopher,ccalderoii@ezinearticles.com
668,Audre,amctrustrieij@thetimes.co.uk
669,Bertrando,bmingoik@cocolog-nifty.com
670,Jon,jtilburnil@sourceforge.net
671,Suzi,swytheim@constantcontact.com
672,Laura,lyerrellin@slashdot.org
673,Randy,rlavensio@businessweek.com
674,Nicolette,nlampsip@gizmodo.com
675,Shela,sduffiniq@free.fr
676,Stern,srycroftir@globo.com
677,Wallie,wgerattis@mozilla.org
678,Celestia,cbottermanit@huffingtonpost.com
679,Lethia,lgawkesiu@sina.com.cn
680,Clint,cpetracekiv@de.vu
681,Rossy,rmatlockiw@ed.gov
682,Noel,nspinleyix@hud.gov
683,Rosabel,rgloucesteriy@dagondesign.com
684,Gilemette,gbinchiz@is.gd
685,Hastings,hliepinsj0@google.cn
686,Hillery,hknockerj1@google.es
687,Phaedra,pbenitezj2@livejournal.com
688,Pepita,palvaroj3@tamu.edu
689,Stacie,sjunej4@xinhuanet.com
690,Gerek,gstonnerj5@t.co
691,Cathrin,cpaddlej6@buzzfeed.com
692,Rutger,rfewtrellj7@yolasite.com
693,Kristy,kjagelsj8@oracle.com
694,Donal,dkobierskij9@go.com
695,Huntley,harndtja@narod.ru
696,Lydia,lguilaemjb@wikispaces.com
697,Etienne,esummergilljc@live.com
698,Sher,sdobingjd@1688.com
699,Kimbell,kvynardeje@smugmug.com
700,Joane,jflucksjf@elpais.com
701,Kristi,klewardjg@barnesandnoble.com
702,Roxane,rgrossjh@shop-pro.jp
703,Jaimie,jmigheliji@dailymotion.com
704,Chloette,clindenmanjj@hexun.com
705,Rozalin,rdalljk@senate.gov
706,Chicky,cleanjl@eepurl.com
707,Jerrylee,jmeacherjm@nbcnews.com
708,Colet,cbwyejn@mashable.com
709,Jamesy,jgleetonjo@wordpress.com
710,Rosita,ryardyjp@xrea.com
711,Jessamine,jgatecliffjq@php.net
712,Gauthier,gmariansjr@reference.com
713,Sebastiano,slourensjs@dot.gov
714,Melva,mespadajt@archive.org
715,Ailee,adelgatyju@youtube.com
716,Silvio,sgovinlockjv@ucoz.com
717,Josey,jemneyjw@edublogs.org
718,Monah,mpatriajx@prlog.org
719,Deloria,ddaltreyjy@webeden.co.uk
720,Ewan,erevelandjz@wired.com
721,Pail,pcruftsk0@ocn.ne.jp
722,Francoise,fboyatk1@histats.com
723,Clarance,cshergoldk2@narod.ru
724,Annemarie,awitherk3@jigsy.com
725,Ericka,emardollk4@census.gov
726,Sarena,smossopk5@youku.com
727,Lanita,lallportk6@wired.com
728,Niccolo,nmcaviyk7@dmoz.org
729,Antonetta,ajedrachowiczk8@springer.com
730,Sybyl,sbruckk9@go.com
731,Janith,jparriska@home.pl
732,Shirl,sjewsterkb@ed.gov
733,Benny,brivardkc@furl.net
734,Thaine,tbogkd@marketwatch.com
735,Berty,bmurrisonke@constantcontact.com
736,Georges,gmobiuskf@altervista.org
737,Abby,alaingmaidkg@google.com.au
738,Edeline,ebarwackkh@mysql.com
739,Leigha,lstiggleski@miitbeian.gov.cn
740,Shaylyn,sdunhamkj@hibu.com
741,Mimi,msouthgatekk@theglobeandmail.com
742,Sibyl,sbarfittkl@ezinearticles.com
743,Chrystal,cflightkm@shareasale.com
744,Lucais,lrenyardkn@google.cn
745,Merrick,mmacakko@macromedia.com
746,Margo,mjustekp@gov.uk
747,Fletch,fcarnoghankq@scribd.com
748,Kiel,kodeakr@1und1.de
749,Hobard,hforsytheks@hubpages.com
750,Johnath,jshearmerkt@shareasale.com
751,Susannah,scoalku@scribd.com
752,Paulette,pwraggskv@ox.ac.uk
753,Lin,lblakesleykw@ftc.gov
754,Alyss,astapleskx@opera.com
755,Pearl,pcourtmanky@twitpic.com
756,Meta,mdaringtonkz@nhs.uk
757,Lucian,lgledstanel0@zimbio.com
758,Jermaine,jmcanel1@smugmug.com
759,Augie,amillel2@marriott.com
760,Bernadene,bcuniol3@princeton.edu
761,Padgett,pcoatel4@who.int
762,Karisa,kgavanl5@bloglines.com
763,Shandee,scouvertl6@fastcompany.com
764,Lancelot,lbernadotl7@usnews.com
765,Sydelle,sleafel8@friendfeed.com
766,Bax,bdongalll9@blinklist.com
767,Izak,ilittrikla@naver.com
768,Galvan,gmcisaaclb@google.ca
769,Gabriela,gmadderslc@ucoz.com
770,Gabe,gdoxseyld@livejournal.com
771,Reinaldos,rreignardle@lulu.com
772,Nealon,npaddonlf@about.me
773,Christophe,cfibbitlg@istockphoto.com
774,Idaline,igrunwaldlh@ucoz.com
775,Sharl,ssteddallli@opensource.org
776,Dael,dpagittlj@mtv.com
777,Raf,rsobtkalk@marriott.com
778,Pancho,ppurserll@china.com.cn
779,Jermaine,jwaterlandlm@chronoengine.com
780,Adrianna,ayeuletln@creativecommons.org
781,Towney,tfritzerlo@amazonaws.com
782,Doug,dhacunlp@loc.gov
783,Cindi,cbortolomeilq@cbsnews.com
784,Emmery,echatreslr@dion.ne.jp
785,Trula,tallibertonls@bloomberg.com
786,Betta,bdarwoodlt@moonfruit.com
787,Claribel,cwesthoferlu@google.nl
788,Shelbi,srasmuslv@tiny.cc
789,Thoma,tvintlw@mozilla.org
790,Maynord,mgiannasilx@wisc.edu
791,Carlota,ckubasiewiczly@sfgate.com
792,Marven,mschuchmacherlz@hubpages.com
793,Buddie,bgussiem0@artisteer.com
794,Margit,malliotm1@yandex.ru
795,Norrie,nguilderm2@nyu.edu
796,Brande,bcoldridgem3@census.gov
797,Silvan,sbrickseym4@so-net.ne.jp
798,Kaila,kolneym5@phoca.cz
799,Kaleena,kpraterm6@nymag.com
800,Amberly,aberndtm7@loc.gov
801,Ariana,aheggisonm8@wisc.edu
802,Yul,yvinesm9@berkeley.edu
803,Cymbre,cnuttma@weather.com
804,Hollie,hhunnablemb@exblog.jp
805,Erica,efawdriemc@oracle.com
806,Rheta,rlouedeymd@vinaora.com
807,Cy,cbachsme@bbc.co.uk
808,Ezequiel,ehecklemf@hexun.com
809,Redford,rtearmg@tripod.com
810,Mala,masquezmh@symantec.com
811,Avie,ahaydenmi@lulu.com
812,Damara,dcarradicemj@github.io
813,Parrnell,phailmk@sourceforge.net
814,Dennis,dmccrackemml@hud.gov
815,Lacy,lguiduccimm@so-net.ne.jp
816,Josias,jwoolfmn@odnoklassniki.ru
817,Monique,mmeiklemo@discuz.net
818,Bel,bpadberrymp@unblog.fr
819,Yasmin,ybosencemq@about.com
820,Hilliard,hallabartonmr@simplemachines.org
821,Michele,mcliftms@hp.com
822,Jule,jcunnellmt@statcounter.com
823,Gray,gbuswellmu@ed.gov
824,Hillyer,hhelliwellmv@php.net
825,Dulcia,dleversonmw@ft.com
826,Darrick,dbevansmx@java.com
827,Rivy,rswannickmy@nationalgeographic.com
828,Phillis,preememz@sohu.com
829,Cori,cpaceyn0@tuttocitta.it
830,Gherardo,gtalkingtonn1@usa.gov
831,Lois,llondingn2@guardian.co.uk
832,Austin,arowlingsn3@samsung.com
833,Edik,eledingtonn4@nih.gov
834,Cherilynn,cspillardn5@cnet.com
835,Ephrem,espringtorpn6@rediff.com
836,Bevvy,bdessentn7@salon.com
837,Isadore,ipatricksonn8@tripod.com
838,Liam,lrogersonn9@dmoz.org
839,Alena,arittmeierna@ftc.gov
840,Cami,chakennb@umich.edu
841,Barry,bmoncknc@archive.org
842,Matty,mellsonnd@zimbio.com
843,Ellie,emcquirkne@abc.net.au
844,L;urette,lmolannf@jigsy.com
845,Bay,bantliffng@usgs.gov
846,Meta,mgodspedenh@walmart.com
847,Doy,dlamblinni@google.com.hk
848,Gardie,gcorpnj@theguardian.com
849,Elaina,emargettsnk@narod.ru
850,Meta,mboultnl@ask.com
851,Wash,wtanfieldnm@theatlantic.com
852,Alvina,afrancescozzinn@discuz.net
853,Glen,ghapgoodno@github.com
854,Riccardo,ryurtsevnp@creativecommons.org
855,Ezmeralda,eguitonnq@mediafire.com
856,Donovan,dcottisnr@imageshack.us
857,Diarmid,dlawerencens@imdb.com
858,Kelley,kmowsdellnt@cbslocal.com
859,Raquela,rfidgenu@businessinsider.com
860,Vince,vchantillonnv@sohu.com
861,Margette,mlacelettnw@exblog.jp
862,Kerby,kpoyntonnx@alibaba.com
863,Akim,aclemendotny@sun.com
864,Oswell,opinardnz@wunderground.com
865,Kacie,ksommerscaleso0@state.gov
866,Mariana,mcarmichaelo1@google.it
867,Othilia,obichardo2@themeforest.net
868,Saw,snesso3@amazon.de
869,Kennith,kfortescueo4@ning.com
870,Brannon,bcarwitheno5@chronoengine.com
871,Stephine,sscimonellio6@eepurl.com
872,Jany,jslingsbyo7@clickbank.net
873,Aida,aneagleo8@mashable.com
874,Stephani,sbabonauo9@google.it
875,Dalila,ddeverockoa@tamu.edu
876,Lucretia,lpetrazziob@flickr.com
877,Carmel,chamberstoneoc@1und1.de
878,Marsh,mshillingtonod@meetup.com
879,Roberto,rboultwoodoe@prnewswire.com
880,Liana,lcornehlof@etsy.com
881,Mathew,mfulleyloveog@aboutads.info
882,Madlen,mgunthorpoh@homestead.com
883,Luella,lmacinerneyoi@symantec.com
884,Cchaddie,cchildrensoj@theglobeandmail.com
885,Gerri,gpirsonok@tumblr.com
886,Cristen,cglisonol@foxnews.com
887,Luigi,lsthillom@nba.com
888,Hertha,haltyon@state.tx.us
889,Jocko,jduranoo@pen.io
890,Darby,dgollyop@dyndns.org
891,Revkah,rkiddeyoq@indiatimes.com
892,Baron,brodieor@msu.edu
893,Britni,bprotheroos@army.mil
894,Sybyl,sarisot@hao123.com
895,Anne,alobbou@jugem.jp
896,Lloyd,lgoldsterov@si.edu
897,Iosep,ikikow@istockphoto.com
898,Genevra,gbaylayox@army.mil
899,Karl,kboshersoy@harvard.edu
900,Calli,cnibleyoz@slideshare.net
901,Drucie,dgallafantp0@mit.edu
902,Jonathon,jraulstonep1@artisteer.com
903,Ailina,adensellp2@yellowpages.com
904,Ofelia,orandalsp3@twitter.com
905,Goldia,gsneppp4@sciencedaily.com
906,Caesar,clivelyp5@dagondesign.com
907,Faye,fschollickp6@europa.eu
908,Jecho,jbailep7@w3.org
909,William,wbompassp8@google.fr
910,Wayland,wsanctop9@nifty.com
911,Nancey,ncundypa@deviantart.com
912,Darline,docrevanpb@house.gov
913,Cristobal,ctraytepc@bluehost.com
914,Stepha,srighypd@epa.gov
915,Boy,bfirsbype@google.cn
916,Fara,fkenninghampf@shop-pro.jp
917,Tish,tgreatheadpg@washingtonpost.com
918,Evyn,eminnetteph@merriam-webster.com
919,Konstanze,kduddridgepi@arizona.edu
920,Farrell,fderkspj@nyu.edu
921,Ailina,astrafenpk@issuu.com
922,Brody,bclemensonpl@cloudflare.com
923,Nanon,ntenbrugpm@nsw.gov.au
924,Tanney,tbubbearpn@yahoo.co.jp
925,L;urette,ldowyerpo@friendfeed.com
926,Kyle,kabbaypp@cdc.gov
927,Hedvige,htompkinsonpq@rambler.ru
928,Nicholas,nmoulepr@macromedia.com
929,Jack,jballintimeps@ihg.com
930,Kaine,kakeherstpt@deviantart.com
931,Fania,fclemmenpu@issuu.com
932,Ernst,ecleevelypv@seattletimes.com
933,Winna,wagneypw@about.me
934,Berny,bcolwillpx@homestead.com
935,Sherm,sbradshawpy@cnet.com
936,Dre,dadriaenspz@alibaba.com
937,Gladys,gkinnerleyq0@amazon.com
938,Billie,bwillowbyq1@fastcompany.com
939,Cirillo,cmerietq2@networksolutions.com
940,Adam,ahaliburtonq3@fastcompany.com
941,Francene,fhammettq4@usatoday.com
942,Evyn,ejiroutkaq5@paypal.com
943,Kaye,kthowlessq6@studiopress.com
944,Chad,challowesq7@myspace.com
945,Georgena,gcarlisleq8@fda.gov
946,Steffie,stournayq9@tinypic.com
947,Gerianna,gtroakeqa@feedburner.com
948,Candis,cbeetlestoneqb@godaddy.com
949,Bordie,bgrissettqc@scribd.com
950,Worth,wbauckhamqd@cisco.com
951,Auroora,alufkinqe@alibaba.com
952,Yettie,ystraceyqf@walmart.com
953,Electra,eelgyqg@indiatimes.com
954,Wilow,wrenshawqh@ehow.com
955,Constantina,ccurreyqi@shop-pro.jp
956,Enrique,evickerqj@bloglovin.com
957,Desmund,dmatasovqk@addtoany.com
958,Jerome,jseldnerql@rediff.com
959,Sutherlan,sscarboroughqm@geocities.jp
960,Genna,gforrestillqn@seattletimes.com
961,Batsheva,bbirdsallqo@google.cn
962,Bennie,bjoselinqp@etsy.com
963,Rosamond,rsnufflebottomqq@people.com.cn
964,Diannne,ddesaurqr@skyrock.com
965,Cami,cfardyqs@histats.com
966,Durand,dminghettiqt@nytimes.com
967,Adan,afanshawqu@dropbox.com
968,Cammi,csheahanqv@seattletimes.com
969,Caritta,cbauqw@fotki.com
970,Shauna,ssetterfieldqx@istockphoto.com
971,Cleo,cmaldenqy@gmpg.org
972,Buckie,babrahamsqz@shinystat.com
973,Cary,cmcnamarar0@usatoday.com
974,Rab,rmcmurtyrr1@oaic.gov.au
975,Elmo,esouthanr2@altervista.org
976,Fonz,fgartanr3@mail.ru
977,Leroi,lsinnatr4@statcounter.com
978,Sandi,srosendahlr5@usda.gov
979,Jack,jgassr6@ask.com
980,Abbey,amarlenr7@japanpost.jp
981,Jeanine,jsharplingr8@stumbleupon.com
982,Maritsa,mcoultardr9@deliciousdays.com
983,Jerad,jtilerra@unesco.org
984,Albie,arenahanrb@ucoz.ru
985,Kathi,kmarfieldrc@ucla.edu
986,Lolly,lhaycroftrd@washingtonpost.com
987,Joelly,jhuggensre@cnn.com
988,Evangelia,esheersrf@domainmarket.com
989,Quintina,qmalehamrg@devhub.com
990,Kesley,kfeaksrh@nature.com
991,Kissee,kpierriri@xinhuanet.com
992,Benjamen,bbointonrj@mashable.com
993,Conchita,cpigotrk@google.nl
994,Dallas,dindgerl@skyrock.com
995,Drucy,ddraaismarm@biblegateway.com
996,Margie,mjakubiakrn@woothemes.com
997,Spence,sperkisro@reverbnation.com
998,Aldridge,adanickrp@mapquest.com
999,Holt,hshowterq@huffingtonpost.com
1000,Kendall,kcamillorr@devhub.com
